{
  "batch_size": 16,
  "learning_rate": 1.2226860410468587e-05,
  "num_epochs": 1,
  "weight_decay": 0.03127225133410276
}